{
    "$schema": "https://schema.management.azure.com/schemas/2015-01-01/deploymentParameters.json#",
    "contentVersion": "1.0.0.0",
    "parameters": {
        "resourceName": {
            "value": "demo-aks"
        },
        "location": {
            "value": "eastus"
        },
        "dnsPrefix": {
            "value": "demo-aks-dns"
        },
        "kubernetesVersion": {
            "value": "1.20.7"
        },
        "networkPlugin": {
            "value": "kubenet"
        },
        "enableRBAC": {
            "value": false
        },
        "enablePrivateCluster": {
            "value": false
        },
        "enableHttpApplicationRouting": {
            "value": false
        },
        "enableAzurePolicy": {
            "value": false
        },
        "vmssNodePool": {
            "value": true
        },
        "networkPolicy": {
            "value": "calico"
        },
        "authorizedIPRanges": {
            "value": [
                "180.191.156.89"
            ]
        }
    }
}